,Rate,Gdp,Import,Export
2021-12-17,4.011355,31425.328767123654,,14704153729.217396
2021-12-18,4.007921,31440.506849315436,,14714645376.53122
2021-12-19,4.007921,31455.684931507218,,14725137023.845043
2021-12-20,4.010722,31470.863013699,,14735628671.158867
2021-12-21,4.008894,31486.04109589078,,14746120318.47269
2021-12-22,3.974154,31501.219178082563,,14756611965.786514
2021-12-23,4.017803,31516.397260274345,,14767103613.100338
2021-12-24,3.992184,31531.575342466127,,14777595260.414162
2021-12-25,4.003582,31546.75342465791,,14788086907.727985
2021-12-26,4.003582,31561.93150684969,,14798578555.04181
2021-12-27,3.995535,31577.109589041473,,14809070202.355633
2021-12-28,3.992172,31592.287671233255,,14819561849.669456
2021-12-29,4.030367,31607.465753425036,,14830053496.98328
2021-12-30,3.968318,31622.64383561682,,14840545144.297104
2021-12-31,3.991162,31637.8219178086,,14851036791.610928
2022-01-01,4.008481,31653.0,,14861528438.9248
2022-01-02,4.008481,31650.468493150685,,14857085086.80307
2022-01-03,4.006194,31647.93698630137,,14852641734.68134
2022-01-04,4.037966,31645.405479452056,,14848198382.559608
2022-01-05,3.978916,31642.87397260274,,14843755030.437878
2022-01-06,3.994425,31640.342465753427,,14839311678.316147
2022-01-07,3.982187,31637.810958904112,,14834868326.194416
2022-01-08,4.011104,31635.279452054798,,14830424974.072685
2022-01-09,3.970522,31632.747945205483,,14825981621.950954
2022-01-10,3.964492,31630.21643835617,,14821538269.829224
2022-01-11,3.994846,31627.684931506854,,14817094917.707493
2022-01-12,3.982516,31625.15342465754,,14812651565.585762
2022-01-13,4.033139,31622.621917808225,,14808208213.464031
2022-01-14,4.024819,31620.09041095891,,14803764861.3423
2022-01-15,4.030463,31617.558904109595,,14799321509.22057
2022-01-16,4.030463,31615.02739726028,,14794878157.098839
2022-01-17,4.027745,31612.495890410966,,14790434804.977108
2022-01-18,4.043584,31609.96438356165,,14785991452.855377
2022-01-19,3.969748,31607.432876712337,,14781548100.733646
2022-01-20,3.981975,31604.901369863022,,14777104748.611916
2022-01-21,3.967276,31602.369863013708,,14772661396.490185
2022-01-22,3.976379,31599.838356164393,,14768218044.368454
2022-01-23,3.976379,31597.30684931508,,14763774692.246723
2022-01-24,3.973635,31594.775342465764,,14759331340.124992
2022-01-25,3.973673,31592.24383561645,,14754887988.003262
2022-01-26,3.972665,31589.712328767135,,14750444635.88153
2022-01-27,3.942732,31587.18082191782,,14746001283.7598
2022-01-28,3.917382,31584.649315068506,,14741557931.63807
2022-01-29,3.913329,31582.11780821919,,14737114579.516338
2022-01-30,3.913329,31579.586301369876,,14732671227.394608
2022-01-31,3.941712,31577.05479452056,,14728227875.272877
2022-02-01,3.924329,31574.523287671247,,14723784523.151146
2022-02-02,3.963396,31571.991780821932,,14719341171.029415
2022-02-03,3.965796,31569.460273972618,,14714897818.907684
2022-02-04,4.026013,31566.928767123303,,14710454466.785954
2022-02-05,4.024527,31564.39726027399,,14706011114.664223
2022-02-06,4.024527,31561.865753424674,,14701567762.542492
2022-02-07,4.025695,31559.33424657536,,14697124410.420761
2022-02-08,4.027522,31556.802739726045,,14692681058.29903
2022-02-09,4.008597,31554.27123287673,,14688237706.1773
2022-02-10,4.019409,31551.739726027416,,14683794354.055569
2022-02-11,4.00706,31549.2082191781,,14679351001.933838
2022-02-12,3.995413,31546.676712328786,,14674907649.812107
2022-02-13,4.035734,31544.14520547947,,14670464297.690376
2022-02-14,4.037242,31541.613698630157,,14666020945.568645
2022-02-15,3.97576,31539.082191780843,,14661577593.446915
2022-02-16,3.997444,31536.550684931528,,14657134241.325184
2022-02-17,3.999663,31534.019178082213,,14652690889.203453
2022-02-18,3.998885,31531.4876712329,,14648247537.081722
2022-02-19,3.979871,31528.956164383584,,14643804184.959991
2022-02-20,3.979871,31526.42465753427,,14639360832.83826
2022-02-21,3.979066,31523.893150684955,,14634917480.71653
2022-02-22,4.007633,31521.36164383564,,14630474128.594799
2022-02-23,3.989503,31518.830136986326,,14626030776.473068
2022-02-24,3.970647,31516.29863013701,,14621587424.351337
2022-02-25,3.938952,31513.767123287696,,14617144072.229607
2022-02-26,3.962374,31511.235616438382,,14612700720.107876
2022-02-27,3.963029,31508.704109589067,,14608257367.986145
2022-02-28,3.926355,31506.172602739753,,14603814015.864414
2022-03-01,3.929984,31503.641095890438,,14599370663.742683
2022-03-02,3.905125,31501.109589041123,,14594927311.620953
2022-03-03,3.902242,31498.57808219181,,14590483959.499222
2022-03-04,3.911566,31496.046575342494,,14586040607.377491
2022-03-05,3.876005,31493.51506849318,,14581597255.25576
2022-03-06,3.876005,31490.983561643865,,14577153903.13403
2022-03-07,3.841873,31488.45205479455,,14572710551.012299
2022-03-08,3.809424,31485.920547945236,,14568267198.890568
2022-03-09,3.834126,31483.38904109592,,14563823846.768837
2022-03-10,3.876545,31480.857534246607,,14559380494.647106
2022-03-11,3.861732,31478.326027397292,,14554937142.525375
2022-03-12,3.830529,31475.794520547977,,14550493790.403645
2022-03-13,3.830529,31473.263013698663,,14546050438.281914
2022-03-14,3.831314,31470.731506849348,,14541607086.160183
2022-03-15,3.841986,31468.200000000033,,14537163734.038452
2022-03-16,3.852293,31465.66849315072,,14532720381.916721
2022-03-17,3.880298,31463.136986301404,,14528277029.79499
2022-03-18,3.896211,31460.60547945209,,14523833677.67326
2022-03-19,3.88853,31458.073972602775,,14519390325.551529
2022-03-20,3.88853,31455.54246575346,,14514946973.429798
2022-03-21,3.883138,31453.010958904146,,14510503621.308067
2022-03-22,3.861545,31450.47945205483,,14506060269.186337
2022-03-23,3.874637,31447.947945205517,,14501616917.064606
2022-03-24,3.86557,31445.416438356202,,14497173564.942875
2022-03-25,3.870151,31442.884931506887,,14492730212.821144
2022-03-26,3.855647,31440.353424657573,,14488286860.699413
2022-03-27,3.881996,31437.821917808258,,14483843508.577682
2022-03-28,3.860116,31435.290410958944,,14479400156.455952
2022-03-29,3.89414,31432.75890410963,,14474956804.33422
2022-03-30,3.920122,31430.227397260314,,14470513452.21249
2022-03-31,3.901096,31427.695890411,,14466070100.09076
2022-04-01,3.887725,31425.164383561685,,14461626747.969028
2022-04-02,3.900842,31422.63287671237,,14457183395.847298
2022-04-03,3.900854,31420.101369863056,,14452740043.725567
2022-04-04,3.851522,31417.56986301374,,14448296691.603836
2022-04-05,3.838496,31415.038356164427,,14443853339.482105
2022-04-06,3.835844,31412.506849315112,,14439409987.360374
2022-04-07,3.839742,31409.975342465797,,14434966635.238644
2022-04-08,3.838883,31407.443835616483,,14430523283.116913
2022-04-09,3.828699,31404.91232876717,,14426079930.995182
2022-04-10,3.828699,31402.380821917854,,14421636578.873451
2022-04-11,3.831818,31399.84931506854,,14417193226.75172
2022-04-12,3.824547,31397.317808219224,,14412749874.62999
2022-04-13,3.794319,31394.78630136991,,14408306522.508259
2022-04-14,3.815001,31392.254794520595,,14403863170.386528
2022-04-15,3.788311,31389.72328767128,,14399419818.264797
2022-04-16,3.796252,31387.191780821966,,14394976466.143066
2022-04-17,3.796252,31384.66027397265,,14390533114.021336
2022-04-18,3.841955,31382.128767123337,,14386089761.899605
2022-04-20,3.788432,31377.065753424708,,14377203057.656143
2022-04-21,3.807858,31374.534246575393,,14372759705.534412
2022-04-22,3.839078,31372.00273972608,,14368316353.412682
2022-04-23,3.790982,31369.471232876764,,14363873001.29095
2022-04-24,3.815575,31366.93972602745,,14359429649.16922
2022-04-25,3.81739,31364.408219178134,,14354986297.04749
2022-04-26,3.760527,31361.87671232882,,14350542944.925758
2022-04-27,3.734463,31359.345205479505,,14346099592.804028
2022-04-28,3.697113,31356.81369863019,,14341656240.682297
2022-04-29,3.689677,31354.282191780876,,14337212888.560566
2022-04-30,3.682082,31351.75068493156,,14332769536.438835
2022-05-01,3.682082,31349.219178082247,,14328326184.317104
2022-05-02,3.676749,31346.687671232932,,14323882832.195374
2022-05-03,3.697376,31344.156164383618,,14319439480.073643
2022-05-04,3.70408,31341.624657534303,,14314996127.951912
2022-05-05,3.740387,31339.09315068499,,14310552775.830181
2022-05-06,3.7084,31336.561643835674,,14306109423.70845
2022-05-07,3.70277,31334.03013698636,,14301666071.58672
2022-05-08,3.70277,31331.498630137045,,14297222719.464989
2022-05-09,3.695434,31328.96712328773,,14292779367.343258
2022-05-10,3.710846,31326.435616438415,,14288336015.221527
2022-05-11,3.697066,31323.9041095891,,14283892663.099796
2022-05-12,3.695397,31321.372602739786,,14279449310.978065
2022-05-13,3.642796,31318.84109589047,,14275005958.856335
2022-05-14,3.6594,31316.309589041157,,14270562606.734604
2022-05-15,3.6594,31313.778082191842,,14266119254.612873
2022-05-16,3.655717,31311.246575342528,,14261675902.491142
2022-05-17,3.667525,31308.715068493213,,14257232550.369411
2022-05-18,3.709362,31306.1835616439,,14252789198.24768
2022-05-19,3.685741,31303.652054794584,,14248345846.12595
2022-05-20,3.717979,31301.12054794527,,14243902494.00422
2022-05-21,3.725907,31298.589041095955,,14239459141.882488
2022-05-22,3.725907,31296.05753424664,,14235015789.760757
2022-05-23,3.728661,31293.526027397325,,14230572437.639027
2022-05-24,3.767973,31290.99452054801,,14226129085.517296
2022-05-25,3.779831,31288.463013698696,,14221685733.395565
2022-05-26,3.755099,31285.93150684938,,14217242381.273834
2022-05-27,3.773455,31283.400000000067,,14212799029.152103
2022-05-28,3.768498,31280.868493150752,,14208355677.030373
2022-05-29,3.768498,31278.336986301438,,14203912324.908642
2022-05-30,3.766052,31275.805479452123,,14199468972.786911
2022-05-31,3.842488,31273.27397260281,,14195025620.66518
2022-06-01,3.777825,31270.742465753494,,14190582268.54345
2022-06-02,3.750171,31268.21095890418,,14186138916.421719
2022-06-03,3.788962,31265.679452054865,,14181695564.299988
2022-06-04,3.778782,31263.14794520555,,14177252212.178257
2022-06-05,3.784647,31260.616438356235,,14172808860.056526
2022-06-06,3.786677,31258.08493150692,,14168365507.934795
2022-06-07,3.76118,31255.553424657606,,14163922155.813065
2022-06-08,3.770676,31253.02191780829,,14159478803.691334
2022-06-09,3.822232,31250.490410958977,,14155035451.569603
2022-06-10,3.739478,31247.958904109662,,14150592099.447872
2022-06-11,3.707581,31245.427397260348,,14146148747.326141
2022-06-12,3.780645,31242.895890411033,,14141705395.20441
2022-06-13,3.755123,31240.36438356172,,14137262043.08268
2022-06-14,3.688691,31237.832876712404,,14132818690.960949
2022-06-15,3.722927,31235.30136986309,,14128375338.839218
2022-06-16,3.730958,31232.769863013775,,14123931986.717487
2022-06-17,3.763703,31230.23835616446,,14119488634.595757
2022-06-18,3.699647,31227.706849315146,,14115045282.474026
2022-06-19,3.75329,31225.17534246583,,14110601930.352295
2022-06-20,3.751612,31222.643835616516,,14106158578.230564
2022-06-21,3.756088,31220.1123287672,,14101715226.108833
2022-06-22,3.707562,31217.580821917887,,14097271873.987103
2022-06-23,3.725173,31215.049315068572,,14092828521.865372
2022-06-24,3.702532,31212.517808219258,,14088385169.74364
2022-06-25,3.72394,31209.986301369943,,14083941817.62191
2022-06-26,3.72394,31207.45479452063,,14079498465.50018
2022-06-27,3.729467,31204.923287671314,,14075055113.378448
2022-06-28,3.726036,31202.391780822,,14070611761.256718
2022-06-29,3.757615,31199.860273972685,,14066168409.134987
2022-06-30,3.724136,31197.32876712337,,14061725057.013256
2022-07-01,3.737869,31194.797260274056,,14057281704.891525
2022-07-02,3.67373,31192.26575342474,,14052838352.769794
2022-07-03,3.67373,31189.734246575426,,14048395000.648064
2022-07-04,3.678885,31187.20273972611,,14043951648.526333
2022-07-05,3.675146,31184.671232876797,,14039508296.404602
2022-07-06,3.664806,31182.139726027483,,14035064944.282871
2022-07-07,3.635243,31179.608219178168,,14030621592.16114
2022-07-08,3.581452,31177.076712328853,,14026178240.03941
2022-07-09,3.621318,31174.54520547954,,14021734887.917679
2022-07-10,3.618616,31172.013698630224,,14017291535.795948
2022-07-11,3.618616,31169.48219178091,,14012848183.674217
2022-07-12,3.604369,31166.950684931595,,14008404831.552486
2022-07-13,3.602577,31164.41917808228,,14003961479.430756
2022-07-14,3.532503,31161.887671232966,,13999518127.309025
2022-07-15,3.573667,31159.35616438365,,13995074775.187294
2022-07-16,3.601431,31156.824657534336,,13990631423.065563
2022-07-17,3.594156,31154.293150685022,,13986188070.943832
2022-07-18,3.597345,31151.761643835707,,13981744718.822102
2022-07-19,3.573433,31149.230136986393,,13977301366.70037
2022-07-20,3.651975,31146.698630137078,,13972858014.57864
2022-07-21,3.630204,31144.167123287763,,13968414662.45691
2022-07-22,3.643691,31141.63561643845,,13963971310.335178
2022-07-23,3.648182,31139.104109589134,,13959527958.213448
2022-07-24,3.630075,31136.57260273982,,13955084606.091717
2022-07-25,3.626705,31134.041095890505,,13950641253.969986
2022-07-26,3.59978,31131.50958904119,,13946197901.848255
2022-07-27,3.573331,31128.978082191876,,13941754549.726524
2022-07-28,3.608218,31126.44657534256,,13937311197.604794
2022-07-29,3.59012,31123.915068493247,,13932867845.483063
2022-07-30,3.604517,31121.383561643932,,13928424493.361332
2022-07-31,3.604517,31118.852054794617,,13923981141.239601
2022-08-01,3.604422,31116.320547945303,,13919537789.11787
2022-08-02,3.612028,31113.789041095988,,13915094436.99614
2022-08-03,3.581412,31111.257534246673,,13910651084.874409
2022-08-04,3.575556,31108.72602739736,,13906207732.752678
2022-08-05,3.612243,31106.194520548044,,13901764380.630947
2022-08-06,3.583827,31103.66301369873,,13897321028.509216
2022-08-07,3.605646,31101.131506849415,,13892877676.387486
2022-08-08,3.600697,31098.6000000001,,13888434324.265755
2022-08-09,3.589752,31096.068493150786,,13883990972.144024
2022-08-10,3.598704,31093.53698630147,,13879547620.022293
2022-08-11,3.625666,31091.005479452157,,13875104267.900562
2022-08-12,3.634949,31088.473972602842,,13870660915.778831
2022-08-13,3.617929,31085.942465753527,,13866217563.6571
2022-08-14,3.617929,31083.410958904213,,13861774211.53537
2022-08-15,3.617039,31080.879452054898,,13857330859.41364
2022-08-16,3.576836,31078.347945205584,,13852887507.291908
2022-08-17,3.569182,31075.81643835627,,13848444155.170177
2022-08-18,3.588803,31073.284931506954,,13844000803.048447
2022-08-19,3.540903,31070.75342465764,,13839557450.926716
2022-08-20,3.52974,31068.221917808325,,13835114098.804985
2022-08-21,3.543926,31065.69041095901,,13830670746.683254
2022-08-22,3.541543,31063.158904109696,,13826227394.561523
2022-08-23,3.491544,31060.62739726038,,13821784042.439793
2022-08-24,3.506629,31058.095890411067,,13817340690.318062
2022-08-25,3.502221,31055.564383561752,,13812897338.196331
2022-08-26,3.509494,31053.032876712437,,13808453986.0746
2022-08-27,3.502952,31050.501369863123,,13804010633.95287
2022-08-28,3.529841,31047.96986301381,,13799567281.831139
2022-08-29,3.520912,31045.438356164494,,13795123929.709408
2022-08-30,3.524001,31042.90684931518,,13790680577.587677
2022-08-31,3.523665,31040.375342465864,,13786237225.465946
2022-09-01,3.534516,31037.84383561655,,13781793873.344215
2022-09-02,3.504503,31035.312328767235,,13777350521.222485
2022-09-03,3.500161,31032.78082191792,,13772907169.100754
2022-09-04,3.500161,31030.249315068606,,13768463816.979023
2022-09-05,3.488111,31027.71780821929,,13764020464.857292
2022-09-06,3.497806,31025.186301369977,,13759577112.735561
2022-09-07,3.484742,31022.654794520662,,13755133760.61383
2022-09-08,3.513399,31020.123287671347,,13750690408.4921
2022-09-09,3.522628,31017.591780822033,,13746247056.370369
2022-09-10,3.573802,31015.06027397272,,13741803704.248638
2022-09-11,3.550164,31012.528767123404,,13737360352.126907
2022-09-12,3.521861,31009.99726027409,,13732917000.005177
2022-09-13,3.563846,31007.465753424774,,13728473647.883446
2022-09-14,3.510453,31004.93424657546,,13724030295.761715
2022-09-15,3.514474,31002.402739726145,,13719586943.639984
2022-09-16,3.520992,30999.87123287683,,13715143591.518253
2022-09-17,3.525768,30997.339726027516,,13710700239.396523
2022-09-18,3.487679,30994.8082191782,,13706256887.274792
2022-09-19,3.488427,30992.276712328887,,13701813535.15306
2022-09-20,3.492571,30989.745205479572,,13697370183.03133
2022-09-21,3.504585,30987.213698630258,,13692926830.9096
2022-09-22,3.455394,30984.682191780943,,13688483478.787868
2022-09-23,3.462696,30982.15068493163,,13684040126.666138
2022-09-24,3.415634,30979.619178082314,,13679596774.544407
2022-09-25,3.479949,30977.087671233,,13675153422.422676
2022-09-26,3.479125,30974.556164383685,,13670710070.300945
2022-09-27,3.391085,30972.02465753437,,13666266718.179214
2022-09-28,3.377556,30969.493150685055,,13661823366.057484
2022-09-29,3.423866,30966.96164383574,,13657380013.935753
2022-09-30,3.462539,30964.430136986426,,13652936661.814022
2022-10-01,3.451651,30961.89863013711,,13648493309.692291
2022-10-02,3.451651,30959.367123287797,,13644049957.57056
2022-10-03,3.446983,30956.835616438482,,13639606605.44883
2022-10-04,3.461676,30954.304109589168,,13635163253.327099
2022-10-05,3.518867,30951.772602739853,,13630719901.205368
2022-10-06,3.500329,30949.24109589054,,13626276549.083637
2022-10-07,3.45015,30946.709589041224,,13621833196.961906
2022-10-08,3.433433,30944.17808219191,,13617389844.840176
2022-10-09,3.451674,30941.646575342595,,13612946492.718445
2022-10-10,3.448467,30939.11506849328,,13608503140.596714
2022-10-11,3.418362,30936.583561643965,,13604059788.474983
2022-10-12,3.416562,30934.05205479465,,13599616436.353252
2022-10-13,3.41662,30931.520547945336,,13595173084.231522
2022-10-14,3.436693,30928.98904109602,,13590729732.10979
2022-10-15,3.42299,30926.457534246707,,13586286379.98806
2022-10-16,3.42299,30923.926027397392,,13581843027.86633
2022-10-17,3.426874,30921.394520548078,,13577399675.744598
2022-10-18,3.471465,30918.863013698763,,13572956323.622868
2022-10-19,3.476278,30916.33150684945,,13568512971.501137
2022-10-20,3.442337,30913.800000000134,,13564069619.379406
2022-10-21,3.4462,30911.26849315082,,13559626267.257675
2022-10-22,3.471598,30908.736986301505,,13555182915.135944
2022-10-23,3.435794,30906.20547945219,,13550739563.014214
2022-10-24,3.433289,30903.673972602875,,13546296210.892483
2022-10-25,3.482398,30901.14246575356,,13541852858.770752
2022-10-26,3.508836,30898.610958904246,,13537409506.649021
2022-10-27,3.555861,30896.07945205493,,13532966154.52729
2022-10-28,3.507187,30893.547945205617,,13528522802.40556
2022-10-29,3.507921,30891.016438356302,,13524079450.283829
2022-10-30,3.507921,30888.484931506988,,13519636098.162098
2022-10-31,3.504549,30885.953424657673,,13515192746.040367
2022-11-01,3.486291,30883.42191780836,,13510749393.918636
2022-11-02,3.476469,30880.890410959044,,13506306041.796906
2022-11-03,3.448541,30878.35890410973,,13501862689.675175
2022-11-04,3.430164,30875.827397260415,,13497419337.553444
2022-11-05,3.514575,30873.2958904111,,13492975985.431713
2022-11-06,3.452108,30870.764383561786,,13488532633.309982
2022-11-07,3.459415,30868.23287671247,,13484089281.188251
2022-11-08,3.527333,30865.701369863156,,13479645929.06652
2022-11-09,3.543494,30863.16986301384,,13475202576.94479
2022-11-10,3.527681,30860.638356164527,,13470759224.82306
2022-11-11,3.586775,30858.106849315212,,13466315872.701328
2022-11-12,3.651272,30855.575342465898,,13461872520.579597
2022-11-13,3.62604,30853.043835616583,,13457429168.457867
2022-11-14,3.612608,30850.51232876727,,13452985816.336136
2022-11-15,3.628109,30847.980821917954,,13448542464.214405
2022-11-16,3.641544,30845.44931506864,,13444099112.092674
2022-11-17,3.653227,30842.917808219325,,13439655759.970943
2022-11-18,3.648629,30840.38630137001,,13435212407.849213
2022-11-19,3.642003,30837.854794520696,,13430769055.727482
2022-11-20,3.642003,30835.32328767138,,13426325703.605751
2022-11-21,3.634381,30832.791780822066,,13421882351.48402
2022-11-22,3.607345,30830.26027397275,,13417438999.36229
2022-11-23,3.626374,30827.728767123437,,13412995647.240559
2022-11-24,3.663816,30825.197260274123,,13408552295.118828
2022-11-25,3.666006,30822.665753424808,,13404108942.997097
2022-11-26,3.666278,30820.134246575493,,13399665590.875366
2022-11-27,3.666278,30817.60273972618,,13395222238.753635
2022-11-28,3.652442,30815.071232876864,,13390778886.631905
2022-11-29,3.637669,30812.53972602755,,13386335534.510174
2022-11-30,3.637315,30810.008219178235,,13381892182.388443
2022-12-01,3.666625,30807.47671232892,,13377448830.266712
2022-12-02,3.701905,30804.945205479606,,13373005478.144981
2022-12-03,3.703743,30802.41369863029,,13368562126.02325
2022-12-04,3.711564,30799.882191780976,,13364118773.90152
2022-12-05,3.716957,30797.35068493166,,13359675421.779789
2022-12-06,3.696817,30794.819178082347,,13355232069.658058
2022-12-07,3.688588,30792.287671233033,,13350788717.536327
2022-12-08,3.700246,30789.756164383718,,13346345365.414597
2022-12-09,3.720816,30787.224657534403,,13341902013.292866
2022-12-10,3.717987,30784.69315068509,,13337458661.171135
2022-12-11,3.718823,30782.161643835774,,13333015309.049404
2022-12-12,3.709551,30779.63013698646,,13328571956.927673
2022-12-13,3.711404,30777.098630137145,,13324128604.805943
2022-12-14,3.740909,30774.56712328783,,13319685252.684212
2022-12-15,3.762958,30772.035616438516,,13315241900.56248
2022-12-16,3.744825,30769.5041095892,,13310798548.44075
2022-12-17,3.735534,30766.972602739886,,13306355196.31902
2022-12-18,3.795561,30764.441095890572,,13301911844.197289
2022-12-19,3.793632,30761.909589041257,,13297468492.075558
2022-12-20,3.732782,30759.378082191943,,13293025139.953827
2022-12-21,3.745492,30756.846575342628,,13288581787.832096
2022-12-22,3.73433,30754.315068493313,,13284138435.710365
2022-12-23,3.737433,30751.783561644,,13279695083.588634
2022-12-24,3.75465,30749.252054794684,,13275251731.466904
2022-12-25,3.755451,30746.72054794537,,13270808379.345173
2022-12-26,3.755184,30744.189041096055,,13266365027.223442
2022-12-27,3.752617,30741.65753424674,,13261921675.101711
2022-12-28,3.749758,30739.126027397426,,13257478322.97998
2022-12-29,3.740399,30736.59452054811,,13253034970.85825
2022-12-30,3.75892,30734.063013698797,,13248591618.736519
2022-12-31,3.776212,30731.531506849482,,13244148266.614788
2023-01-01,3.776212,30729.0,,13239704914.4933
2023-01-02,3.766178,30731.534246575342,,13240339911.835678
2023-01-03,3.760725,30734.068493150684,,13240974909.178057
2023-01-04,3.721017,30736.602739726026,,13241609906.520435
2023-01-05,3.740293,30739.136986301368,,13242244903.862814
2023-01-06,3.705112,30741.67123287671,,13242879901.205193
2023-01-07,3.759037,30744.20547945205,,13243514898.547571
2023-01-08,3.759037,30746.739726027394,,13244149895.88995
2023-01-09,3.782944,30749.273972602736,,13244784893.232328
2023-01-10,3.778747,30751.808219178078,,13245419890.574707
2023-01-11,3.786401,30754.34246575342,,13246054887.917086
2023-01-12,3.790792,30756.87671232876,,13246689885.259464
2023-01-13,3.827289,30759.410958904104,,13247324882.601843
2023-01-14,3.818814,30761.945205479446,,13247959879.944221
2023-01-15,3.809436,30764.479452054788,,13248594877.2866
2023-01-16,3.803907,30767.01369863013,,13249229874.628979
2023-01-17,3.817574,30769.54794520547,,13249864871.971357
2023-01-18,3.802413,30772.082191780813,,13250499869.313736
2023-01-19,3.800835,30774.616438356155,,13251134866.656115
2023-01-20,3.820182,30777.150684931497,,13251769863.998493
2023-01-21,3.832728,30779.68493150684,,13252404861.340872
2023-01-22,3.832952,30782.21917808218,,13253039858.68325
2023-01-23,3.830578,30784.753424657523,,13253674856.025629
2023-01-24,3.827042,30787.287671232865,,13254309853.368008
2023-01-25,3.836016,30789.821917808207,,13254944850.710386
2023-01-26,3.844878,30792.35616438355,,13255579848.052765
2023-01-27,3.840927,30794.89041095889,,13256214845.395144
2023-01-28,3.827533,30797.424657534233,,13256849842.737522
2023-01-29,3.832953,30799.958904109575,,13257484840.0799
2023-01-30,3.832455,30802.493150684917,,13258119837.42228
2023-01-31,3.822633,30805.02739726026,,13258754834.764658
2023-02-01,3.827121,30807.5616438356,,13259389832.107037
2023-02-02,3.877426,30810.095890410943,,13260024829.449415
2023-02-03,3.841014,30812.630136986285,,13260659826.791794
2023-02-04,3.815986,30815.164383561627,,13261294824.134172
2023-02-05,3.851544,30817.69863013697,,13261929821.476551
2023-02-06,3.837129,30820.23287671231,,13262564818.81893
2023-02-07,3.777965,30822.767123287653,,13263199816.161308
2023-02-08,3.782985,30825.301369862995,,13263834813.503687
2023-02-09,3.77323,30827.835616438337,,13264469810.846066
2023-02-10,3.783167,30830.36986301368,,13265104808.188444
2023-02-11,3.766515,30832.90410958902,,13265739805.530823
2023-02-12,3.77014,30835.438356164363,,13266374802.873201
2023-02-13,3.759722,30837.972602739705,,13267009800.21558
2023-02-14,3.781832,30840.506849315047,,13267644797.557959
2023-02-15,3.783507,30843.04109589039,,13268279794.900337
2023-02-16,3.775941,30845.57534246573,,13268914792.242716
2023-02-17,3.753411,30848.109589041072,,13269549789.585094
2023-02-18,3.773783,30850.643835616414,,13270184786.927473
2023-02-19,3.791798,30853.178082191756,,13270819784.269852
2023-02-20,3.789481,30855.7123287671,,13271454781.61223
2023-02-21,3.763872,30858.24657534244,,13272089778.954609
2023-02-22,3.804503,30860.780821917782,,13272724776.296988
2023-02-23,3.737579,30863.315068493124,,13273359773.639366
2023-02-24,3.782389,30865.849315068466,,13273994770.981745
2023-02-25,3.726249,30868.38356164381,,13274629768.324123
2023-02-26,3.728844,30870.91780821915,,13275264765.666502
2023-02-27,3.71665,30873.452054794492,,13275899763.00888
2023-02-28,3.740891,30875.986301369834,,13276534760.35126
2023-03-01,3.724872,30878.520547945176,,13277169757.693638
2023-03-02,3.754928,30881.054794520518,,13277804755.036016
2023-03-03,3.735978,30883.58904109586,,13278439752.378395
2023-03-04,3.748908,30886.123287671202,,13279074749.720774
2023-03-05,3.749266,30888.657534246544,,13279709747.063152
2023-03-06,3.743257,30891.191780821886,,13280344744.40553
2023-03-07,3.759599,30893.726027397228,,13280979741.74791
2023-03-08,3.716261,30896.26027397257,,13281614739.090288
2023-03-09,3.719057,30898.79452054791,,13282249736.432667
2023-03-10,3.72832,30901.328767123254,,13282884733.775045
2023-03-11,3.736567,30903.863013698596,,13283519731.117424
2023-03-12,3.73762,30906.397260273938,,13284154728.459803
2023-03-13,3.749525,30908.93150684928,,13284789725.802181
2023-03-14,3.772242,30911.46575342462,,13285424723.14456
2023-03-15,3.782488,30913.999999999964,,13286059720.486938
2023-03-16,3.724591,30916.534246575306,,13286694717.829317
2023-03-17,3.742347,30919.068493150648,,13287329715.171696
2023-03-18,3.775515,30921.60273972599,,13287964712.514074
2023-03-19,3.736133,30924.13698630133,,13288599709.856453
2023-03-20,3.712307,30926.671232876673,,13289234707.198832
2023-03-21,3.776887,30929.205479452015,,13289869704.54121
2023-03-22,3.846733,30931.739726027357,,13290504701.883589
2023-03-23,3.881353,30934.2739726027,,13291139699.225967
2023-03-24,3.810954,30936.80821917804,,13291774696.568346
2023-03-25,3.802079,30939.342465753383,,13292409693.910725
2023-03-26,3.802489,30941.876712328725,,13293044691.253103
2023-03-27,3.797431,30944.410958904067,,13293679688.595482
2023-03-28,3.804734,30946.94520547941,,13294314685.93786
2023-03-29,3.815778,30949.47945205475,,13294949683.28024
2023-03-30,3.815598,30952.013698630093,,13295584680.622618
2023-03-31,3.844165,30954.547945205435,,13296219677.964996
2023-04-01,3.826894,30957.082191780777,,13296854675.307375
2023-04-02,3.826894,30959.61643835612,,13297489672.649754
2023-04-03,3.804096,30962.15068493146,,13298124669.992132
2023-04-04,3.844587,30964.684931506803,,13298759667.33451
2023-04-05,3.860024,30967.219178082145,,13299394664.67689
2023-04-06,3.843314,30969.753424657487,,13300029662.019268
2023-04-07,3.845293,30972.28767123283,,13300664659.361647
2023-04-08,3.876207,30974.82191780817,,13301299656.704025
2023-04-09,3.847549,30977.356164383513,,13301934654.046404
2023-04-10,3.818092,30979.890410958855,,13302569651.388783
2023-04-11,3.826289,30982.424657534197,,13303204648.731161
2023-04-12,3.848134,30984.95890410954,,13303839646.07354
2023-04-13,3.868699,30987.49315068488,,13304474643.415918
2023-04-14,3.895664,30990.027397260223,,13305109640.758297
2023-04-15,3.908904,30992.561643835565,,13305744638.100676
2023-04-16,3.946701,30995.095890410907,,13306379635.443054
2023-04-17,3.903762,30997.63013698625,,13307014632.785433
2023-04-18,3.850558,31000.16438356159,,13307649630.127811
2023-04-19,3.869308,31002.698630136932,,13308284627.47019
2023-04-20,3.862633,31005.232876712274,,13308919624.812569
2023-04-21,3.859962,31007.767123287616,,13309554622.154947
2023-04-22,3.906735,31010.30136986296,,13310189619.497326
2023-04-23,3.906735,31012.8356164383,,13310824616.839705
2023-04-24,3.86689,31015.369863013642,,13311459614.182083
2023-04-25,3.884315,31017.904109588984,,13312094611.524462
2023-04-26,3.862978,31020.438356164326,,13312729608.86684
2023-04-27,3.893156,31022.97260273967,,13313364606.209219
2023-04-28,3.883612,31025.50684931501,,13313999603.551598
2023-04-29,3.922357,31028.041095890352,,13314634600.893976
2023-04-30,3.870829,31030.575342465694,,13315269598.236355
2023-05-01,3.830948,31033.109589041036,,13315904595.578733
2023-05-02,3.864331,31035.643835616378,,13316539592.921112
2023-05-03,3.879819,31038.17808219172,,13317174590.26349
2023-05-04,3.899832,31040.712328767062,,13317809587.60587
2023-05-05,3.885126,31043.246575342404,,13318444584.948248
2023-05-06,3.946431,31045.780821917746,,13319079582.290627
2023-05-07,3.946431,31048.315068493088,,13319714579.633005
2023-05-08,3.879615,31050.84931506843,,13320349576.975384
2023-05-09,3.868161,31053.383561643772,,13320984574.317762
2023-05-10,3.866724,31055.917808219114,,13321619571.660141
2023-05-11,3.872143,31058.452054794456,,13322254569.00252
2023-05-12,3.847719,31060.986301369798,,13322889566.344898
2023-05-13,3.856277,31063.52054794514,,13323524563.687277
2023-05-14,3.856061,31066.05479452048,,13324159561.029655
2023-05-15,3.825279,31068.589041095824,,13324794558.372034
2023-05-16,3.828065,31071.123287671166,,13325429555.714413
2023-05-17,3.84689,31073.657534246508,,13326064553.056791
2023-05-18,3.820908,31076.19178082185,,13326699550.39917
2023-05-19,3.792564,31078.72602739719,,13327334547.741549
2023-05-20,3.815373,31081.260273972533,,13327969545.083927
2023-05-21,3.818047,31083.794520547875,,13328604542.426306
2023-05-22,3.816659,31086.328767123217,,13329239539.768684
2023-05-23,3.806907,31088.86301369856,,13329874537.111063
2023-05-24,3.796268,31091.3972602739,,13330509534.453442
2023-05-25,3.785238,31093.931506849243,,13331144531.79582
2023-05-26,3.77504,31096.465753424585,,13331779529.138199
2023-05-27,3.777833,31098.999999999927,,13332414526.480577
2023-05-28,3.777833,31101.53424657527,,13333049523.822956
2023-05-29,3.810858,31104.06849315061,,13333684521.165335
2023-05-30,3.851884,31106.602739725953,,13334319518.507713
2023-05-31,3.856289,31109.136986301295,,13334954515.850092
2023-06-01,3.763827,31111.671232876637,,13335589513.19247
2023-06-02,3.866899,31114.20547945198,,13336224510.53485
2023-06-03,3.775807,31116.73972602732,,13336859507.877228
2023-06-04,3.869668,31119.273972602663,,13337494505.219606
2023-06-05,3.858044,31121.808219178005,,13338129502.561985
2023-06-06,3.776677,31124.342465753347,,13338764499.904364
2023-06-07,3.765531,31126.87671232869,,13339399497.246742
2023-06-08,3.770056,31129.41095890403,,13340034494.58912
2023-06-09,3.828215,31131.945205479373,,13340669491.9315
2023-06-10,3.789815,31134.479452054715,,13341304489.273878
2023-06-11,3.818955,31137.013698630057,,13341939486.616257
2023-06-12,3.811873,31139.5479452054,,13342574483.958635
2023-06-13,3.794927,31142.08219178074,,13343209481.301014
2023-06-14,3.796923,31144.616438356083,,13343844478.643393
2023-06-15,3.82204,31147.150684931425,,13344479475.985771
2023-06-16,3.854985,31149.684931506767,,13345114473.32815
2023-06-17,3.858578,31152.21917808211,,13345749470.670528
2023-06-18,3.858578,31154.75342465745,,13346384468.012907
2023-06-19,3.891971,31157.287671232792,,13347019465.355286
2023-06-20,3.850323,31159.821917808134,,13347654462.697664
2023-06-21,3.84347,31162.356164383476,,13348289460.040043
2023-06-22,3.874054,31164.89041095882,,13348924457.382421
2023-06-23,3.856385,31167.42465753416,,13349559454.7248
2023-06-24,3.848228,31169.958904109502,,13350194452.067179
2023-06-25,3.919495,31172.493150684844,,13350829449.409557
2023-06-26,3.908147,31175.027397260186,,13351464446.751936
2023-06-27,3.845025,31177.56164383553,,13352099444.094315
2023-06-28,3.863577,31180.09589041087,,13352734441.436693
2023-06-29,3.841383,31182.630136986212,,13353369438.779072
2023-06-30,3.829973,31185.164383561554,,13354004436.12145
2023-07-01,3.842993,31187.698630136896,,13354639433.463829
2023-07-02,3.842993,31190.232876712238,,13355274430.806208
2023-07-03,3.874277,31192.76712328758,,13355909428.148586
2023-07-04,3.846978,31195.301369862922,,13356544425.490965
2023-07-05,3.943514,31197.835616438264,,13357179422.833344
2023-07-06,3.825862,31200.369863013606,,13357814420.175722
2023-07-07,3.833192,31202.904109588948,,13358449417.5181
2023-07-08,3.863432,31205.43835616429,,13359084414.86048
2023-07-09,3.942918,31207.972602739632,,13359719412.202858
2023-07-10,3.939091,31210.506849314974,,13360354409.545237
2023-07-11,3.878588,31213.041095890316,,13360989406.887615
2023-07-12,3.877088,31215.575342465658,,13361624404.229994
2023-07-13,3.927406,31218.109589041,,13362259401.572372
2023-07-14,3.949002,31220.64383561634,,13362894398.914751
2023-07-15,4.06907,31223.178082191684,,13363529396.25713
2023-07-16,4.061347,31225.712328767026,,13364164393.599508
2023-07-17,4.054714,31228.246575342368,,13364799390.941887
2023-07-18,3.955266,31230.78082191771,,13365434388.284266
2023-07-19,3.958498,31233.31506849305,,13366069385.626644
2023-07-20,3.950174,31235.849315068393,,13366704382.969023
2023-07-21,3.919329,31238.383561643735,,13367339380.311401
2023-07-22,4.028299,31240.917808219077,,13367974377.65378
2023-07-23,4.028299,31243.45205479442,,13368609374.996159
2023-07-24,4.028217,31245.98630136976,,13369244372.338537
2023-07-25,3.899948,31248.520547945103,,13369879369.680916
2023-07-26,3.998724,31251.054794520445,,13370514367.023294
2023-07-27,3.906719,31253.589041095787,,13371149364.365673
2023-07-28,3.870548,31256.12328767113,,13371784361.708052
2023-07-29,3.942174,31258.65753424647,,13372419359.05043
2023-07-30,3.942174,31261.191780821813,,13373054356.392809
2023-07-31,3.940106,31263.726027397155,,13373689353.735188
2023-08-01,3.877373,31266.260273972497,,13374324351.077566
2023-08-02,3.871558,31268.79452054784,,13374959348.419945
2023-08-03,3.981263,31271.32876712318,,13375594345.762323
2023-08-04,3.85898,31273.863013698523,,13376229343.104702
2023-08-05,4.007376,31276.397260273865,,13376864340.44708
2023-08-06,3.976412,31278.931506849207,,13377499337.78946
2023-08-07,3.972615,31281.46575342455,,13378134335.131838
2023-08-08,3.944174,31283.99999999989,,13378769332.474216
2023-08-09,3.981662,31286.534246575233,,13379404329.816595
2023-08-10,3.936771,31289.068493150575,,13380039327.158974
2023-08-11,3.989784,31291.602739725917,,13380674324.501352
2023-08-12,3.983794,31294.13698630126,,13381309321.84373
2023-08-13,3.994694,31296.6712328766,,13381944319.18611
2023-08-14,3.992364,31299.205479451943,,13382579316.528488
2023-08-15,3.84486,31301.739726027285,,13383214313.870867
2023-08-16,3.83728,31304.273972602627,,13383849311.213245
2023-08-17,3.831876,31306.80821917797,,13384484308.555624
2023-08-18,3.826722,31309.34246575331,,13385119305.898003
2023-08-19,3.833144,31311.876712328653,,13385754303.240381
2023-08-20,3.960892,31314.410958903994,,13386389300.58276
2023-08-21,3.957742,31316.945205479336,,13387024297.925138
2023-08-22,3.840616,31319.47945205468,,13387659295.267517
2023-08-23,3.81904,31322.01369863002,,13388294292.609896
2023-08-24,3.824278,31324.547945205362,,13388929289.952274
2023-08-25,3.802485,31327.082191780704,,13389564287.294653
2023-08-26,3.949801,31329.616438356046,,13390199284.637032
2023-08-27,3.95324,31332.15068493139,,13390834281.97941
2023-08-28,3.956033,31334.68493150673,,13391469279.321789
2023-08-29,3.963483,31337.219178082072,,13392104276.664167
2023-08-30,3.977653,31339.753424657414,,13392739274.006546
2023-08-31,3.953064,31342.287671232756,,13393374271.348925
2023-09-01,3.968891,31344.821917808098,,13394009268.691303
2023-09-02,3.951603,31347.35616438344,,13394644266.033682
2023-09-03,3.969298,31349.890410958782,,13395279263.37606
2023-09-04,3.96163,31352.424657534124,,13395914260.71844
2023-09-05,3.953664,31354.958904109466,,13396549258.060818
2023-09-06,3.930889,31357.493150684808,,13397184255.403196
2023-09-07,3.831585,31360.02739726015,,13397819252.745575
2023-09-08,3.821174,31362.561643835492,,13398454250.087954
2023-09-09,3.82545,31365.095890410834,,13399089247.430332
2023-09-10,3.82545,31367.630136986176,,13399724244.77271
2023-09-11,3.918259,31370.164383561518,,13400359242.11509
2023-09-12,3.927209,31372.69863013686,,13400994239.457468
2023-09-13,3.928283,31375.2328767122,,13401629236.799847
2023-09-14,3.918739,31377.767123287544,,13402264234.142225
2023-09-15,3.88863,31380.301369862886,,13402899231.484604
2023-09-16,3.847143,31382.835616438228,,13403534228.826982
2023-09-17,3.864982,31385.36986301357,,13404169226.169361
2023-09-18,3.864154,31387.90410958891,,13404804223.51174
2023-09-19,3.85534,31390.438356164253,,13405439220.854118
2023-09-20,3.876949,31392.972602739595,,13406074218.196497
2023-09-21,3.87233,31395.506849314937,,13406709215.538876
2023-09-22,3.929479,31398.04109589028,,13407344212.881254
2023-09-23,3.934157,31400.57534246562,,13407979210.223633
2023-09-24,3.92137,31403.109589040963,,13408614207.566011
2023-09-25,3.913352,31405.643835616305,,13409249204.90839
2023-09-26,3.853607,31408.178082191647,,13409884202.250769
2023-09-27,3.835941,31410.71232876699,,13410519199.593147
2023-09-28,3.816619,31413.24657534233,,13411154196.935526
2023-09-29,3.841685,31415.780821917673,,13411789194.277905
2023-09-30,3.850824,31418.315068493015,,13412424191.620283
2023-10-01,3.87598,31420.849315068357,,13413059188.962662
2023-10-02,3.867767,31423.3835616437,,13413694186.30504
2023-10-03,3.841014,31425.91780821904,,13414329183.647419
2023-10-04,3.837215,31428.452054794383,,13414964180.989798
2023-10-05,3.850396,31430.986301369725,,13415599178.332176
2023-10-06,3.880022,31433.520547945067,,13416234175.674555
2023-10-07,3.884273,31436.05479452041,,13416869173.016933
2023-10-08,3.884273,31438.58904109575,,13417504170.359312
2023-10-09,3.872022,31441.123287671093,,13418139167.70169
2023-10-10,3.944345,31443.657534246435,,13418774165.04407
2023-10-11,3.917751,31446.191780821777,,13419409162.386448
2023-10-12,3.92567,31448.72602739712,,13420044159.728827
2023-10-13,3.892056,31451.26027397246,,13420679157.071205
2023-10-14,3.882796,31453.794520547803,,13421314154.413584
2023-10-15,3.884439,31456.328767123145,,13421949151.755962
2023-10-16,3.887426,31458.863013698487,,13422584149.098341
2023-10-17,3.900852,31461.39726027383,,13423219146.44072
2023-10-18,3.901331,31463.93150684917,,13423854143.783098
2023-10-19,3.94514,31466.465753424513,,13424489141.125477
2023-10-20,3.982636,31468.999999999854,,13425124138.467855
2023-10-21,3.936866,31471.534246575196,,13425759135.810234
2023-10-22,3.929939,31474.06849315054,,13426394133.152613
2023-10-23,3.925467,31476.60273972588,,13427029130.494991
2023-10-24,3.962916,31479.136986301222,,13427664127.83737
2023-10-25,3.98793,31481.671232876564,,13428299125.179749
2023-10-26,3.98803,31484.205479451906,,13428934122.522127
2023-10-27,3.927353,31486.73972602725,,13429569119.864506
2023-10-28,3.985114,31489.27397260259,,13430204117.206884
2023-10-29,3.972664,31491.808219177932,,13430839114.549263
2023-10-30,3.96551,31494.342465753274,,13431474111.891642
2023-10-31,3.94185,31496.876712328616,,13432109109.23402
2023-11-01,3.9296,31499.410958903958,,13432744106.576399
2023-11-02,3.9318,31501.9452054793,,13433379103.918777
2023-11-03,3.990018,31504.479452054642,,13434014101.261156
2023-11-04,4.007353,31507.013698629984,,13434649098.603535
2023-11-05,4.007353,31509.547945205326,,13435284095.945913
2023-11-06,4.003873,31512.082191780668,,13435919093.288292
2023-11-07,3.981004,31514.61643835601,,13436554090.63067
2023-11-08,3.972705,31517.150684931352,,13437189087.97305
2023-11-09,3.971863,31519.684931506694,,13437824085.315428
2023-11-10,4.01528,31522.219178082036,,13438459082.657806
2023-11-11,4.034096,31524.753424657378,,13439094080.000185
2023-11-12,3.965675,31527.28767123272,,13439729077.342564
2023-11-13,3.956071,31529.82191780806,,13440364074.684942
2023-11-14,4.043011,31532.356164383404,,13440999072.02732
2023-11-15,4.066532,31534.890410958746,,13441634069.3697
2023-11-16,4.099205,31537.424657534088,,13442269066.712078
2023-11-17,4.100557,31539.95890410943,,13442904064.054457
2023-11-18,4.123904,31542.49315068477,,13443539061.396835
2023-11-19,4.103846,31545.027397260114,,13444174058.739214
2023-11-20,4.098656,31547.561643835455,,13444809056.081593
2023-11-21,4.068374,31550.095890410797,,13445444053.423971
2023-11-22,4.070994,31552.63013698614,,13446079050.76635
2023-11-23,4.110953,31555.16438356148,,13446714048.108728
2023-11-24,4.121933,31557.698630136823,,13447349045.451107
2023-11-25,4.1484,31560.232876712165,,13447984042.793486
2023-11-26,4.122531,31562.767123287507,,13448619040.135864
2023-11-27,4.118626,31565.30136986285,,13449254037.478243
2023-11-28,4.083656,31567.83561643819,,13449889034.820621
2023-11-29,4.114957,31570.369863013533,,13450524032.163
2023-11-30,4.104839,31572.904109588875,,13451159029.505379
2023-12-01,4.116658,31575.438356164217,,13451794026.847757
2023-12-02,4.06721,31577.97260273956,,13452429024.190136
2023-12-03,4.060098,31580.5068493149,,13453064021.532515
2023-12-04,4.060104,31583.041095890243,,13453699018.874893
2023-12-05,4.047122,31585.575342465585,,13454334016.217272
2023-12-06,4.019912,31588.109589040927,,13454969013.55965
2023-12-07,4.018395,31590.64383561627,,13455604010.902029
2023-12-08,4.0265,31593.17808219161,,13456239008.244408
2023-12-09,4.01986,31595.712328766953,,13456874005.586786
2023-12-10,4.019997,31598.246575342295,,13457509002.929165
2023-12-11,4.021246,31600.780821917637,,13458144000.271544
2023-12-12,4.015243,31603.31506849298,,13458778997.613922
2023-12-13,4.080043,31605.84931506832,,13459413994.9563
2023-12-14,4.111679,31608.383561643663,,13460048992.29868
2023-12-15,4.083994,31610.917808219005,,13460683989.641058
2023-12-16,4.054343,31613.452054794347,,13461318986.983437
2023-12-17,4.089234,31615.98630136969,,13461953984.325815
2023-12-18,4.08436,31618.52054794503,,13462588981.668194
2023-12-19,4.127428,31621.054794520373,,13463223979.010572
2023-12-20,3.970901,31623.589041095714,,13463858976.352951
2023-12-21,3.958627,31626.123287671056,,13464493973.69533
2023-12-22,4.104973,31628.6575342464,,13465128971.037708
2023-12-23,4.117902,31631.19178082174,,13465763968.380087
2023-12-24,4.112972,31633.726027397082,,13466398965.722466
2023-12-25,4.118128,31636.260273972424,,13467033963.064844
2023-12-26,4.117787,31638.794520547766,,13467668960.407223
2023-12-27,4.115699,31641.32876712311,,13468303957.749601
2023-12-28,4.136533,31643.86301369845,,13468938955.09198
2023-12-29,4.114375,31646.397260273792,,13469573952.434359
2023-12-30,4.180006,31648.931506849134,,13470208949.776737
2023-12-31,4.187644,31651.465753424476,,13470843947.119116
